Manish sai,27-05-1975,A123456782,10000,1069.96,Family pension,1234567891011120,Bytecard,2626564599,0,0
swathi,01-02-1949,B123456789,20000,1959.16,Family pension,1234567891011121,Pannier,8597924519,0,0
Himanshu Chouhan,03-02-1963,C123456780,34000,1102,Family pension,1234567891011122,Bytecard,973230006,0,0
simran,16-10-1961,D123456780,42000,1172.21,Self pension,1234567891011124,Pannier,3102897852,0,0
hanish,14-05-1960,E123456797,52000,1768,Self pension,1234567891011111,Bytecard,5648787776,0,0
Akhil,04-05-1964,F123456791,63000,782,Family pension,1234567891011186,Pannier,5278793334,0,0
swathika,13-01-1998,H789456793,110000,1500,Family pension,1234567891012345,IOB,4561200471,0,0
manisha,18-03-1996,H781934435,920222,900,Family pension,1234567891022345,IOB,4561211471,0,0
nag,17-09-1987,C123456780,60000,111,Self pension,1234567891111123,Bytecard,973230202,0,0
Monique Cardall,03-02-1960,C123456789,30000,1102.34,Family pension,1234567891011127,Bytecard,973230002,0,0
Hunter Ward,16-10-1963,D123456787,40000,1172.23,Self pension,1234567891011113,Pannier,4102897851,0,0
Kingston Cox,14-05-1961,E123456790,50000,1768.34,Self pension,2234567891011184,Bytecard,4648787774,0,0
Marlin Batsford,04-05-1964,F223456790,60000,782.23,Family pension,2234567891011125,Pannier,4278793333,0,0
Luna Elie,08-09-1951,G123456791,70000,1076.65,Family pension,1234567891016125,Bytecard,5960696752,0,0
Naina,16-07-1941,Z789456792,115000,2500,Family pension,1234567891112344,SBI,4561200332,0,0
dinesh,09-12-1991,743439554,Self pension,1235566891112344,IOB,2626564998,0,0
